Id,Name,Category
1,EZ Gourmet,Cooking
2,Meals on Demand,Cooking
3,Deliciously Vegan,Cooking
4,Seasonal Cooking & Catering,Cooking
5,Six Flavours,Cooking
6,The Taste Experience,Cooking
7,Simply Food,Cooking
8,Cooking Passion,Cooking
9,Pot & Pan Cooking Co.,Cooking
10,Premium Ingredients Cooking,Cooking
11,Meat & Veggies,Cooking
12,Taste the Best,Cooking
13,Sweet Cuisine,Cooking
14,Fine Chefs,Cooking
15,Mom’s Kitchen,Cooking
16,Healthy & Tasty,Cooking
17,Classy Cuisine,Cooking
18,Blue Chef’s Apron,Cooking
19,Velvet Flavour,Cooking
20,Spicy Treats,Cooking
21,Just Craftin' Around,Arts and Crafts
22,Out of the Box Crafts,Arts and Crafts
23,Craft n' Creations,Arts and Crafts
24,Handy Mandy,Arts and Crafts
25,Dreamy Designs,Arts and Crafts
26,Craftastic,Arts and Crafts
27,Hot Hands Crafts,Arts and Crafts
28,Happy Crafts,Arts and Crafts
29,Crafts Unthreaded,Arts and Crafts
30,That's Sew Crafty!,Arts and Crafts
31,Anything Goes Crafts,Arts and Crafts
32,iCandy Crafts,Arts and Crafts
33,Knotty Knitters,Arts and Crafts
34,Blue Ribbon Crafters,Arts and Crafts
35,TwoCan Craft,Arts and Crafts
36,Sunnyside Keepsakes,Arts and Crafts
37,CraftWorks,Arts and Crafts
38,The Scrap Shop,Arts and Crafts
39,Kiddy Krafts,Arts and Crafts
40,Crafterina,Arts and Crafts
41,Groove Gang,Dance and Music
42,Get Grooving,Dance and Music
43,Moves In Motion,Dance and Music
44,Motivating Moves,Dance and Music
45,Move To Groove,Dance and Music
46,Hit The Floor,Dance and Music
47,Dancefloor Divas,Dance and Music
48,Dancefloor Professionals,Dance and Music
49,Dancefloor Fiends,Dance and Music
50,Groove And Move,Dance and Music
51,Making Moves,Dance and Music
52,Step By Step,Dance and Music
53,Dance Steps,Dance and Music
54,Steps In Motion,Dance and Music
55,Motion Potion,Dance and Music
56,Every Step Studio,Dance and Music
57,Smooth Moves Studio,Dance and Music
58,Suddenly Smooth Studio,Dance and Music
59,Have This Dance,Dance and Music
60,Daily Dance,Dance and Music
61,Educatocity,Education
62,Unleash Edutainment,Education
63,Direct Gyan,Education
64,Complete Professor,Education
65,Wise Mentor,Education
66,Top Guru,Education
67,Pioneer Education,Education
68,Expert Education,Education
69,Educology,Education
70,Younger Education,Education
71,Bright Side Education,Education
72,Knowledgeable,Education
73,Schoolmatic,Education
74,Active Students,Education
75,Innovate Intelligence,Education
76,Support Intelligence,Education
77,Intelligence Mastery,Education
78,Refresh Information,Education
79,Complete Career,Education
80,Fountain Master,Education
81,Tech Gadgets,Fashion Designing
82,Direct Impact,Fashion Designing
83,Creative Channel,Fashion Designing
84,Ideas for Life,Fashion Designing
85,Trusty Vibes,Fashion Designing
86,Positive News,Fashion Designing
87,Life Goes On,Fashion Designing
88,Grow Big,Fashion Designing
89,Go See World,Fashion Designing
90,The Fit Fun,Fashion Designing
91,Control Views,Fashion Designing
92,Back Bench,Fashion Designing
93,Elite Videos,Fashion Designing
94,Thriving Canine,Fashion Designing
95,Hottest Trends,Fashion Designing
96,First Draft,Fashion Designing
97,Expanse,Fashion Designing
98,Earthy,Fashion Designing
99,Fortune,Fashion Designing
100,Granny’s Attic,Fashion Designing
101,Seed Island,Gardening
102,Botanic Heaven,Gardening
103,Infinite Green,Gardening
104,Golden Bloom,Gardening
105,Giardino Tools,Gardening
106,Edenic,Gardening
107,Bloom Season,Gardening
108,Tropic Taste,Gardening
109,Vitanic,Gardening
110,Wild & Free,Gardening
111,Eat Local,Gardening
112,Seedify,Gardening
113,Green Thrive,Gardening
114,Green Doctor,Gardening
115,Herbland,Gardening
116,Rose Bouquet,Gardening
117,Urban Roots,Gardening
118,Plant Whisper,Gardening
119,Roots,Gardening
120,Local Breed,Gardening
121,Home Foam ,Home making
122,Home Porcelain ,Home making
123,Home Round ,Home making
124,Home Reflection ,Home making
125,Home Bottle ,Home making
126,Hometastic ,Home making
127,Home Mueble ,Home making
128,Home Radiance ,Home making
129,Homeium ,Home making
130,Home Amber ,Home making
131,Home Remarkable ,Home making
132,Home Grande ,Home making
133,Home Lapis ,Home making
134,Home Opulent ,Home making
135,Homeooze ,Home making
136,Home Shower ,Home making
137,Home Luxe ,Home making
138,Home Jade ,Home making
139,Home Jaguar ,Home making
140,Home Dynasty ,Home making
141,Home Richness ,Home making
142,Homeverse ,Home making
143,Home Ware ,Home making
144,Home Regent,Home making
145,EpicPlayz,IT
146,Claim2Game,IT
147,GameParade,IT
148,RetroRampage,IT
149,Gamadame,IT
150,Fabulous Facade,IT
151,PunkNPretty,IT
152,Grace Gorgeous,IT
153,TypeFace Beauty,IT
154,ShadesAtPlay,IT
155,Fitnessen,IT
156,HealthCat,IT
157,NutriNut,IT
158,Fitness Ninja,IT
159,HealthSpree,IT
160,CrystalCraft,IT
161,Craft Romantic,IT
162,CreaTeach,IT
163,Peakreative,IT
164,Badgirl Crafts,IT
165,Easy Languages,Language
166,Sleep Learning,Language
167,Steve Kaufmann,Language
168,Benny Lewis,Language
169,Luca Lampariello,Language
170,Learn English with Emma,Language
171,Learn Arabic with Maha,Language
172,English with Lucy.,Language
173,sWooZie ,Language
174,IISuperwomanII,Language
175,Demolition Ranch,Language
176,Mother’s Basement,Language
177,NateWantstoBatlle,Language
178,Dorkly,Language
179,First We Feast,Language
180,MaximBady,Language
181,The King of DIY,Language
182,React,Language
183,Smosh ,Language
184,Epic Rap Battles,Language
185,SSSniperwolf,Language
186,Nature lush,Makeup and Beauty
187,Fashion pie,Makeup and Beauty
188,Too kissy,Makeup and Beauty
189,Pink pretty,Makeup and Beauty
190,April fresh,Makeup and Beauty
191,Shine and Shadows,Makeup and Beauty
192,Savvy Cosmetics,Makeup and Beauty
193,Lush Cosmetics,Makeup and Beauty
194,From My Hands,Makeup and Beauty
195,Face Shop,Makeup and Beauty
196,Vibrance,Makeup and Beauty
197,Little Bee,Makeup and Beauty
198,Glomorr Dot Fusion,Makeup and Beauty
199,Curious Lily,Makeup and Beauty
200,Serene Say,Makeup and Beauty
201,lady moments,Makeup and Beauty
202,Lassofy,Makeup and Beauty
203,Fresh Loves,Makeup and Beauty
204,A Blissfull,Makeup and Beauty
205,The Sunkist,Makeup and Beauty
206,Urban Jungle Self Defense,Self defence
207,United Studio of Self Defense,Self defence
208,Ultimate Self Defense Studios,Self defence
209,The Family Self Defense Center,Self defence
210,Technon Tactical Academy,Self defence
211,Stay Safe School of Defense,Self defence
212,Philly Self Defense,Self defence
213,NYC Self Defense,Self defence
214,Mousel’s Self Defense Academy,Self defence
215,McDuffy’s Self Defense Institute,Self defence
216,Impact Personal Safety,Self defence
217,Sport X,"Sports, Yoga and Exercise"
218,Sportz Globe,"Sports, Yoga and Exercise"
219,Street Sports,"Sports, Yoga and Exercise"
220,Sportiality,"Sports, Yoga and Exercise"
221,Buzz Sports,"Sports, Yoga and Exercise"
222,Crunch Time Sports,"Sports, Yoga and Exercise"
223,The Exertion,"Sports, Yoga and Exercise"
224,Sports Snooze,"Sports, Yoga and Exercise"
225,Chase the Stars,"Sports, Yoga and Exercise"
226,Mind the Jump,"Sports, Yoga and Exercise"
227,Catch This Sport,"Sports, Yoga and Exercise"
228,Baseball Rules,"Sports, Yoga and Exercise"
229,The Dugout,"Sports, Yoga and Exercise"
230,Sure Win,"Sports, Yoga and Exercise"
231,Game Start,"Sports, Yoga and Exercise"
232,Sports Eye,"Sports, Yoga and Exercise"
233,Sports Buzz,"Sports, Yoga and Exercise"
234,A Hole in One,"Sports, Yoga and Exercise"
235,Sports Mania,"Sports, Yoga and Exercise"
236,Sports News Now,"Sports, Yoga and Exercise"
237,Adventurous Kate,Travel
238,Wandering Earl,Travel
239,Alex in Wanderland,Travel
240,Solo Sophie,Travel
241,Angie Away,Travel
242,Helene in Between,Travel
243,The Blonde Abroad,Travel
244,Traveling Canucks,Travel
245,Nerd Nomads,Travel
246,The Broke Backpacker,Travel
247,Wandering Educators,Travel
248,Aussie on the Road,Travel
249,World Travel Family,Travel
250,LittleBabyBum.,Baby care
251,BabyFirst Learn Colors,Baby care
252,Best Baby Lullabies.,Baby care
253,Dave and Ava,Baby care
254,All Babies Channel,Baby care
255,Fun With Baby Alive.,Baby care
256,Baby Relax Channel.,Baby care
257,Crochet For Baby.,Baby care
258,TheMDJourney,Medicine
259,Osmosis,Medicine
260,Khan Academy Medicine,Medicine
261,Najeeb Lectures,Medicine
262,MedCramVideos,Medicine
263,Nabil Ebraheim,Medicine
264,Vincent Racaniello,Medicine
265,Mohamed Sherif Lectures,Medicine
266,American Society for Microbiology,Medicine
267,Gilles Bolduc,Medicine
268,Microbiology with Sumi ,Medicine
269,Pharmacy Times TV,Medicine
270,Speed Pharmacology,Medicine
271,Abdel-Motaal Fouda ,Medicine
272,Cast Pharma,Medicine
273,Pharma Knowledge,Medicine
